{
  "arena": {
    "x": -30,
    "y": 120,
    "width": 140,
    "height": 80
  },
  "challenge": {
    "x": 190,
    "y": 250,
    "width": 140,
    "height": 80
  },
  "solution": {
    "x": 190,
    "y": 120,
    "width": 140,
    "height": 80
  },
  "watcher": {
    "x": -30,
    "y": 250,
    "width": 140,
    "height": 80
  },
  "judge": {
    "x": -250,
    "y": 120,
    "width": 140,
    "height": 80
  },
  "conclusion": {
    "x": -250,
    "y": 250,
    "width": 140,
    "height": 80
  },
  "library": {
    "x": -250,
    "y": 380,
    "width": 140,
    "height": 80
  },
  "showman": {
    "x": -30,
    "y": 380,
    "width": 140,
    "height": 80
  },
  "gptSolution": {
    "x": 400,
    "y": 120,
    "width": 140,
    "height": 80
  },
  "toolSolution": {
    "x": 600,
    "y": 120,
    "width": 140,
    "height": 80
  },
  "recommender": {
    "x": 726.0472266500395,
    "y": 447.72116295183116,
    "width": 140,
    "height": 80
  },
  "optimizer": {
    "x": 625,
    "y": 429.9038105676658,
    "width": 140,
    "height": 80
  },
  "prompty": {
    "x": 559.0461068821137,
    "y": 351.30302149885034,
    "width": 140,
    "height": 80
  },
  "tuner": {
    "x": 559.0461068821137,
    "y": 248.69697850114972,
    "width": 140,
    "height": 80
  },
  "distiller": {
    "x": 624.9999999999999,
    "y": 170.09618943233426,
    "width": 140,
    "height": 80
  },
  "integrator": {
    "x": 726.0472266500395,
    "y": 152.27883704816878,
    "width": 140,
    "height": 80
  },
  "engineer": {
    "x": 814.9066664678467,
    "y": 203.58185854701907,
    "width": 140,
    "height": 80
  }
}
